CONTEXT_ID,RULE_ID,ACTION
S1,1,aggregation
S2,1,aggregation
S2,2,collection
S3,1,aggregation
S3,2,overload
S3,3,collection
S4,1,aggregation
S4,2,failure
S4,3,collection
S5,1,aggregation
S6,1,aggregation
S6,2,collection
S7,1,aggregation
S7,2,overload
S7,3,collection
S8,1,aggregation
S8,2,failure
S8,3,collection
S9,1,aggregation
S10,1,aggregation
S10,2,collection
S11,1,aggregation
S11,2,overload
S11,3,collection
S12,1,aggregation
S12,2,failure
S12,3,collection
S13,1,aggregation
S14,1,aggregation
S14,2,collection
S15,1,aggregation
S15,2,overload
S15,3,collection
S16,1,aggregation
S16,2,failure
S16,3,collection
S17,1,aggregation
S18,1,aggregation
S18,2,collection
S19,1,aggregation
S19,2,overload
S19,3,collection
S20,1,aggregation
S20,2,failure
S20,3,collection
S21,1,aggregation
S22,1,aggregation
S22,2,collection
S23,1,aggregation
S23,2,overload
S23,3,collection
S24,1,aggregation
S24,2,failure
S24,3,collection
S25,1,aggregation