

<rdf:Description rdf:about = 'http://127.0.0.1/Prediction_1/'>
	<tnmo:hasPrediction><rdf:Description rdf:about = 'http://127.0.0.1/User_device_1/'></rdf:Description></hasPrediction>
	<tnmo:prediction_timestamp rdf:datatype = 'http://www.w3.org/2001/XMLSchema#datetime'>2020-11-19T00:00:00</tnmo:prediction_timestamp>
	<tnmo:has_wired_traffic_value>1000</has_wired_traffic_value>	
	<tnmo:MobileDeviceConnected>250</tnmo:MobileDeviceConnected>
	<tnmo:hasContext>S1</tnmo:hasContext>
</rdf:Description>